Description,Scientific Name,Max Score,Total Score,Query Cover,E value,Per. ident,Acc. Len,Accession  
Endonuclease V [compost metagenome],compost metagenome,212,212,94%,4e-67,50.47,233,"=HYPERLINK(""https://www.ncbi.nlm.nih.gov/protein/MNU22716.1?report=genbank&log$=prottop&blast_rank=1&RID=5A2H45MV013"",""MNU22716.1"")"
Endonuclease V [compost metagenome],compost metagenome,212,212,98%,4e-67,49.55,233,"=HYPERLINK(""https://www.ncbi.nlm.nih.gov/protein/MNS39826.1?report=genbank&log$=prottop&blast_rank=2&RID=5A2H45MV013"",""MNS39826.1"")"
Endonuclease V [anaerobic digester metagenome],anaerobic digester metagenome,206,206,99%,7e-65,47.53,236,"=HYPERLINK(""https://www.ncbi.nlm.nih.gov/protein/KAF5031478.1?report=genbank&log$=prottop&blast_rank=3&RID=5A2H45MV013"",""KAF5031478.1"")"
unnamed protein product [marine sediment metagenome],marine sediment metagenome,204,204,99%,3e-64,43.69,231,"=HYPERLINK(""https://www.ncbi.nlm.nih.gov/protein/GAG74326.1?report=genbank&log$=prottop&blast_rank=4&RID=5A2H45MV013"",""GAG74326.1"")"
unnamed protein product [marine sediment metagenome],marine sediment metagenome,204,204,100%,4e-64,42.86,233,"=HYPERLINK(""https://www.ncbi.nlm.nih.gov/protein/GAF68321.1?report=genbank&log$=prottop&blast_rank=5&RID=5A2H45MV013"",""GAF68321.1"")"
unnamed protein product [marine sediment metagenome],marine sediment metagenome,209,209,100%,1e-63,44.20,422,"=HYPERLINK(""https://www.ncbi.nlm.nih.gov/protein/GAG63035.1?report=genbank&log$=prottop&blast_rank=6&RID=5A2H45MV013"",""GAG63035.1"")"
Endonuclease V [subsurface metagenome],subsurface metagenome,201,201,100%,7e-63,43.75,232,"=HYPERLINK(""https://www.ncbi.nlm.nih.gov/protein/MBA7539901.1?report=genbank&log$=prottop&blast_rank=7&RID=5A2H45MV013"",""MBA7539901.1"")"
Endonuclease V [subsurface metagenome],subsurface metagenome,201,201,100%,1e-62,41.96,231,"=HYPERLINK(""https://www.ncbi.nlm.nih.gov/protein/MBA7587894.1?report=genbank&log$=prottop&blast_rank=8&RID=5A2H45MV013"",""MBA7587894.1"")"
Endonuclease V [anaerobic digester metagenome],anaerobic digester metagenome,199,199,99%,5e-62,47.09,242,"=HYPERLINK(""https://www.ncbi.nlm.nih.gov/protein/KAF5052059.1?report=genbank&log$=prottop&blast_rank=9&RID=5A2H45MV013"",""KAF5052059.1"")"
uncharacterized protein METZ01_LOCUS170726 [marine metagenome],marine metagenome,196,196,97%,1e-60,43.18,238,"=HYPERLINK(""https://www.ncbi.nlm.nih.gov/protein/SVB17872.1?report=genbank&log$=prottop&blast_rank=10&RID=5A2H45MV013"",""SVB17872.1"")"
unnamed protein product [marine sediment metagenome],marine sediment metagenome,196,196,96%,1e-60,43.78,240,"=HYPERLINK(""https://www.ncbi.nlm.nih.gov/protein/GAH02860.1?report=genbank&log$=prottop&blast_rank=11&RID=5A2H45MV013"",""GAH02860.1"")"
Endonuclease V [subsurface metagenome],subsurface metagenome,195,195,100%,2e-60,41.07,237,"=HYPERLINK(""https://www.ncbi.nlm.nih.gov/protein/MBA7581868.1?report=genbank&log$=prottop&blast_rank=12&RID=5A2H45MV013"",""MBA7581868.1"")"
Endonuclease V [bioreactor metagenome],bioreactor metagenome,194,194,96%,2e-60,44.75,223,"=HYPERLINK(""https://www.ncbi.nlm.nih.gov/protein/MPL57707.1?report=genbank&log$=prottop&blast_rank=13&RID=5A2H45MV013"",""MPL57707.1"")"
"unnamed protein product, partial [marine sediment metagenome]",marine sediment metagenome,194,194,94%,2e-60,43.13,215,"=HYPERLINK(""https://www.ncbi.nlm.nih.gov/protein/GAI77145.1?report=genbank&log$=prottop&blast_rank=14&RID=5A2H45MV013"",""GAI77145.1"")"
uncharacterized protein METZ01_LOCUS150308 [marine metagenome],marine metagenome,194,194,99%,2e-60,41.78,233,"=HYPERLINK(""https://www.ncbi.nlm.nih.gov/protein/SVA97454.1?report=genbank&log$=prottop&blast_rank=15&RID=5A2H45MV013"",""SVA97454.1"")"
Endonuclease V [subsurface metagenome],subsurface metagenome,193,193,96%,9e-60,42.59,234,"=HYPERLINK(""https://www.ncbi.nlm.nih.gov/protein/MBA7621669.1?report=genbank&log$=prottop&blast_rank=16&RID=5A2H45MV013"",""MBA7621669.1"")"
Endonuclease V [subsurface metagenome],subsurface metagenome,192,192,96%,3e-59,44.24,231,"=HYPERLINK(""https://www.ncbi.nlm.nih.gov/protein/MBA7485972.1?report=genbank&log$=prottop&blast_rank=17&RID=5A2H45MV013"",""MBA7485972.1"")"
Endonuclease V [subsurface metagenome],subsurface metagenome,192,192,100%,3e-59,41.07,232,"=HYPERLINK(""https://www.ncbi.nlm.nih.gov/protein/MBA7471499.1?report=genbank&log$=prottop&blast_rank=18&RID=5A2H45MV013"",""MBA7471499.1"")"
Endonuclease V [subsurface metagenome],subsurface metagenome,191,191,96%,6e-59,45.37,238,"=HYPERLINK(""https://www.ncbi.nlm.nih.gov/protein/MBA7584147.1?report=genbank&log$=prottop&blast_rank=19&RID=5A2H45MV013"",""MBA7584147.1"")"
Endonuclease V [subsurface metagenome],subsurface metagenome,191,191,96%,7e-59,44.70,254,"=HYPERLINK(""https://www.ncbi.nlm.nih.gov/protein/MBA7648181.1?report=genbank&log$=prottop&blast_rank=20&RID=5A2H45MV013"",""MBA7648181.1"")"
Endonuclease V [anaerobic digester metagenome],anaerobic digester metagenome,191,191,99%,7e-59,43.05,238,"=HYPERLINK(""https://www.ncbi.nlm.nih.gov/protein/KAF5082613.1?report=genbank&log$=prottop&blast_rank=21&RID=5A2H45MV013"",""KAF5082613.1"")"
Endonuclease V [subsurface metagenome],subsurface metagenome,190,190,97%,1e-58,44.55,231,"=HYPERLINK(""https://www.ncbi.nlm.nih.gov/protein/MBA7669295.1?report=genbank&log$=prottop&blast_rank=22&RID=5A2H45MV013"",""MBA7669295.1"")"
Endonuclease V [subsurface metagenome],subsurface metagenome,189,189,96%,2e-58,43.78,231,"=HYPERLINK(""https://www.ncbi.nlm.nih.gov/protein/MBA7671621.1?report=genbank&log$=prottop&blast_rank=23&RID=5A2H45MV013"",""MBA7671621.1"")"
Endonuclease V [subsurface metagenome],subsurface metagenome,190,190,97%,3e-58,42.67,248,"=HYPERLINK(""https://www.ncbi.nlm.nih.gov/protein/MBA7482049.1?report=genbank&log$=prottop&blast_rank=24&RID=5A2H45MV013"",""MBA7482049.1"")"
Endonuclease V [subsurface metagenome],subsurface metagenome,191,191,96%,3e-58,43.32,295,"=HYPERLINK(""https://www.ncbi.nlm.nih.gov/protein/MBA7486217.1?report=genbank&log$=prottop&blast_rank=25&RID=5A2H45MV013"",""MBA7486217.1"")"
Endonuclease V [subsurface metagenome],subsurface metagenome,189,189,100%,4e-58,43.30,238,"=HYPERLINK(""https://www.ncbi.nlm.nih.gov/protein/MBA7589897.1?report=genbank&log$=prottop&blast_rank=26&RID=5A2H45MV013"",""MBA7589897.1"")"
"hypothetical protein GOS_8001331, partial [marine metagenome]",marine metagenome,188,188,91%,4e-58,47.83,215,"=HYPERLINK(""https://www.ncbi.nlm.nih.gov/protein/EBO89981.1?report=genbank&log$=prottop&blast_rank=27&RID=5A2H45MV013"",""EBO89981.1"")"
Endonuclease V [subsurface metagenome],subsurface metagenome,189,189,96%,7e-58,44.24,240,"=HYPERLINK(""https://www.ncbi.nlm.nih.gov/protein/MBA7504563.1?report=genbank&log$=prottop&blast_rank=28&RID=5A2H45MV013"",""MBA7504563.1"")"
"unnamed protein product, partial [marine sediment metagenome]",marine sediment metagenome,188,188,98%,7e-58,40.99,221,"=HYPERLINK(""https://www.ncbi.nlm.nih.gov/protein/GAI99231.1?report=genbank&log$=prottop&blast_rank=29&RID=5A2H45MV013"",""GAI99231.1"")"
Endonuclease V [subsurface metagenome],subsurface metagenome,188,188,96%,8e-58,46.33,241,"=HYPERLINK(""https://www.ncbi.nlm.nih.gov/protein/MBA7502676.1?report=genbank&log$=prottop&blast_rank=30&RID=5A2H45MV013"",""MBA7502676.1"")"
Endonuclease V [subsurface metagenome],subsurface metagenome,187,187,96%,2e-57,44.24,240,"=HYPERLINK(""https://www.ncbi.nlm.nih.gov/protein/MBA7565699.1?report=genbank&log$=prottop&blast_rank=31&RID=5A2H45MV013"",""MBA7565699.1"")"
Endonuclease V [subsurface metagenome],subsurface metagenome,191,191,100%,8e-57,43.75,422,"=HYPERLINK(""https://www.ncbi.nlm.nih.gov/protein/MBA7611760.1?report=genbank&log$=prottop&blast_rank=32&RID=5A2H45MV013"",""MBA7611760.1"")"
Endonuclease V [subsurface metagenome],subsurface metagenome,185,185,96%,1e-56,43.78,240,"=HYPERLINK(""https://www.ncbi.nlm.nih.gov/protein/MBA7681772.1?report=genbank&log$=prottop&blast_rank=33&RID=5A2H45MV013"",""MBA7681772.1"")"
Endonuclease V [subsurface metagenome],subsurface metagenome,185,185,96%,2e-56,42.86,240,"=HYPERLINK(""https://www.ncbi.nlm.nih.gov/protein/MBA7481308.1?report=genbank&log$=prottop&blast_rank=34&RID=5A2H45MV013"",""MBA7481308.1"")"
Endonuclease V [subsurface metagenome],subsurface metagenome,185,185,97%,3e-56,40.32,251,"=HYPERLINK(""https://www.ncbi.nlm.nih.gov/protein/MBA7622797.1?report=genbank&log$=prottop&blast_rank=35&RID=5A2H45MV013"",""MBA7622797.1"")"
Endonuclease V [subsurface metagenome],subsurface metagenome,183,183,96%,6e-56,45.16,233,"=HYPERLINK(""https://www.ncbi.nlm.nih.gov/protein/MBA7503633.1?report=genbank&log$=prottop&blast_rank=36&RID=5A2H45MV013"",""MBA7503633.1"")"
Endonuclease V [anaerobic digester metagenome],anaerobic digester metagenome,183,183,97%,9e-56,42.92,231,"=HYPERLINK(""https://www.ncbi.nlm.nih.gov/protein/VFU19075.1?report=genbank&log$=prottop&blast_rank=37&RID=5A2H45MV013"",""VFU19075.1"")"
Endonuclease V [compost metagenome],compost metagenome,182,182,96%,2e-55,41.94,231,"=HYPERLINK(""https://www.ncbi.nlm.nih.gov/protein/MNS34968.1?report=genbank&log$=prottop&blast_rank=38&RID=5A2H45MV013"",""MNS34968.1"")"
Endonuclease V [compost metagenome],compost metagenome,181,181,95%,3e-55,43.72,235,"=HYPERLINK(""https://www.ncbi.nlm.nih.gov/protein/MNR81376.1?report=genbank&log$=prottop&blast_rank=39&RID=5A2H45MV013"",""MNR81376.1"")"
Endonuclease V [subsurface metagenome],subsurface metagenome,181,181,94%,4e-55,42.25,238,"=HYPERLINK(""https://www.ncbi.nlm.nih.gov/protein/MBA7627017.1?report=genbank&log$=prottop&blast_rank=40&RID=5A2H45MV013"",""MBA7627017.1"")"
Endonuclease V [compost metagenome],compost metagenome,181,181,92%,4e-55,46.63,225,"=HYPERLINK(""https://www.ncbi.nlm.nih.gov/protein/MMZ57130.1?report=genbank&log$=prottop&blast_rank=41&RID=5A2H45MV013"",""MMZ57130.1"")"
Endonuclease V [subsurface metagenome],subsurface metagenome,181,181,96%,5e-55,42.40,232,"=HYPERLINK(""https://www.ncbi.nlm.nih.gov/protein/MBA7686425.1?report=genbank&log$=prottop&blast_rank=42&RID=5A2H45MV013"",""MBA7686425.1"")"
Endonuclease V [compost metagenome],compost metagenome,181,181,95%,5e-55,43.72,235,"=HYPERLINK(""https://www.ncbi.nlm.nih.gov/protein/MNK82882.1?report=genbank&log$=prottop&blast_rank=43&RID=5A2H45MV013"",""MNK82882.1"")"
uncharacterized protein METZ01_LOCUS55046 [marine metagenome],marine metagenome,181,181,97%,7e-55,40.45,238,"=HYPERLINK(""https://www.ncbi.nlm.nih.gov/protein/SVA02192.1?report=genbank&log$=prottop&blast_rank=44&RID=5A2H45MV013"",""SVA02192.1"")"
"unnamed protein product, partial [marine sediment metagenome]",marine sediment metagenome,180,180,92%,1e-54,43.54,232,"=HYPERLINK(""https://www.ncbi.nlm.nih.gov/protein/GAH65281.1?report=genbank&log$=prottop&blast_rank=45&RID=5A2H45MV013"",""GAH65281.1"")"
Endonuclease V [subsurface metagenome],subsurface metagenome,180,180,99%,1e-54,41.48,228,"=HYPERLINK(""https://www.ncbi.nlm.nih.gov/protein/MBA7578070.1?report=genbank&log$=prottop&blast_rank=46&RID=5A2H45MV013"",""MBA7578070.1"")"
Endonuclease V [subsurface metagenome],subsurface metagenome,179,179,96%,3e-54,40.74,240,"=HYPERLINK(""https://www.ncbi.nlm.nih.gov/protein/MBA7639026.1?report=genbank&log$=prottop&blast_rank=47&RID=5A2H45MV013"",""MBA7639026.1"")"
Endonuclease V [compost metagenome],compost metagenome,177,177,97%,2e-53,42.47,229,"=HYPERLINK(""https://www.ncbi.nlm.nih.gov/protein/MMZ46426.1?report=genbank&log$=prottop&blast_rank=48&RID=5A2H45MV013"",""MMZ46426.1"")"
"unnamed protein product, partial [marine sediment metagenome]",marine sediment metagenome,175,175,78%,2e-53,47.73,181,"=HYPERLINK(""https://www.ncbi.nlm.nih.gov/protein/GAI15505.1?report=genbank&log$=prottop&blast_rank=49&RID=5A2H45MV013"",""GAI15505.1"")"
"uncharacterized protein METZ01_LOCUS108565, partial [marine metagenome]",marine metagenome,176,176,95%,3e-53,42.06,212,"=HYPERLINK(""https://www.ncbi.nlm.nih.gov/protein/SVA55711.1?report=genbank&log$=prottop&blast_rank=50&RID=5A2H45MV013"",""SVA55711.1"")"
Endonuclease V [subsurface metagenome],subsurface metagenome,176,176,96%,3e-53,41.67,236,"=HYPERLINK(""https://www.ncbi.nlm.nih.gov/protein/MBA7662515.1?report=genbank&log$=prottop&blast_rank=51&RID=5A2H45MV013"",""MBA7662515.1"")"
Endonuclease V [subsurface metagenome],subsurface metagenome,176,176,96%,4e-53,41.47,235,"=HYPERLINK(""https://www.ncbi.nlm.nih.gov/protein/MBA7688061.1?report=genbank&log$=prottop&blast_rank=52&RID=5A2H45MV013"",""MBA7688061.1"")"
"unnamed protein product, partial [marine sediment metagenome]",marine sediment metagenome,175,175,71%,6e-53,50.00,221,"=HYPERLINK(""https://www.ncbi.nlm.nih.gov/protein/GAH19190.1?report=genbank&log$=prottop&blast_rank=53&RID=5A2H45MV013"",""GAH19190.1"")"
"unnamed protein product, partial [marine sediment metagenome]",marine sediment metagenome,173,173,85%,3e-52,41.75,205,"=HYPERLINK(""https://www.ncbi.nlm.nih.gov/protein/GAI39018.1?report=genbank&log$=prottop&blast_rank=54&RID=5A2H45MV013"",""GAI39018.1"")"
Endonuclease V [wastewater metagenome],wastewater metagenome,173,173,95%,4e-52,43.26,226,"=HYPERLINK(""https://www.ncbi.nlm.nih.gov/protein/MQM37124.1?report=genbank&log$=prottop&blast_rank=55&RID=5A2H45MV013"",""MQM37124.1"")"
Endonuclease V [subsurface metagenome],subsurface metagenome,173,173,96%,5e-52,41.33,227,"=HYPERLINK(""https://www.ncbi.nlm.nih.gov/protein/MBA7465287.1?report=genbank&log$=prottop&blast_rank=56&RID=5A2H45MV013"",""MBA7465287.1"")"
hypothetical protein LCGC14_0026050 [marine sediment metagenome],marine sediment metagenome,173,173,95%,5e-52,42.73,228,"=HYPERLINK(""https://www.ncbi.nlm.nih.gov/protein/KKO10073.1?report=genbank&log$=prottop&blast_rank=57&RID=5A2H45MV013"",""KKO10073.1"")"
Endonuclease V [subsurface metagenome],subsurface metagenome,173,173,96%,5e-52,41.33,233,"=HYPERLINK(""https://www.ncbi.nlm.nih.gov/protein/MBA7510440.1?report=genbank&log$=prottop&blast_rank=58&RID=5A2H45MV013"",""MBA7510440.1"")"
Endonuclease V [subsurface metagenome],subsurface metagenome,173,173,96%,6e-52,40.74,236,"=HYPERLINK(""https://www.ncbi.nlm.nih.gov/protein/MBA7481351.1?report=genbank&log$=prottop&blast_rank=59&RID=5A2H45MV013"",""MBA7481351.1"")"
Endonuclease V [hydrothermal vent metagenome],hydrothermal vent metagenome,172,172,95%,1e-51,43.78,212,"=HYPERLINK(""https://www.ncbi.nlm.nih.gov/protein/VAX16183.1?report=genbank&log$=prottop&blast_rank=60&RID=5A2H45MV013"",""VAX16183.1"")"
Endonuclease V [subsurface metagenome],subsurface metagenome,171,171,96%,3e-51,41.05,228,"=HYPERLINK(""https://www.ncbi.nlm.nih.gov/protein/MBA7471593.1?report=genbank&log$=prottop&blast_rank=61&RID=5A2H45MV013"",""MBA7471593.1"")"
Endonuclease V [subsurface metagenome],subsurface metagenome,171,171,92%,3e-51,41.15,241,"=HYPERLINK(""https://www.ncbi.nlm.nih.gov/protein/MBA7606070.1?report=genbank&log$=prottop&blast_rank=62&RID=5A2H45MV013"",""MBA7606070.1"")"
hypothetical protein GOS_9395285 [marine metagenome],marine metagenome,171,171,98%,4e-51,40.99,222,"=HYPERLINK(""https://www.ncbi.nlm.nih.gov/protein/EBG66296.1?report=genbank&log$=prottop&blast_rank=63&RID=5A2H45MV013"",""EBG66296.1"")"
"unnamed protein product, partial [marine sediment metagenome]",marine sediment metagenome,170,170,84%,4e-51,42.55,198,"=HYPERLINK(""https://www.ncbi.nlm.nih.gov/protein/GAH25283.1?report=genbank&log$=prottop&blast_rank=64&RID=5A2H45MV013"",""GAH25283.1"")"
Endonuclease V [compost metagenome],compost metagenome,171,171,97%,4e-51,41.10,227,"=HYPERLINK(""https://www.ncbi.nlm.nih.gov/protein/MNI26057.1?report=genbank&log$=prottop&blast_rank=65&RID=5A2H45MV013"",""MNI26057.1"")"
Endonuclease V [subsurface metagenome],subsurface metagenome,171,171,98%,8e-51,36.40,252,"=HYPERLINK(""https://www.ncbi.nlm.nih.gov/protein/MBA7665957.1?report=genbank&log$=prottop&blast_rank=66&RID=5A2H45MV013"",""MBA7665957.1"")"
"unnamed protein product, partial [marine sediment metagenome]",marine sediment metagenome,171,171,87%,8e-51,45.54,259,"=HYPERLINK(""https://www.ncbi.nlm.nih.gov/protein/GAF92221.1?report=genbank&log$=prottop&blast_rank=67&RID=5A2H45MV013"",""GAF92221.1"")"
Endonuclease V [subsurface metagenome],subsurface metagenome,167,167,71%,1e-50,49.08,161,"=HYPERLINK(""https://www.ncbi.nlm.nih.gov/protein/MBA7680802.1?report=genbank&log$=prottop&blast_rank=68&RID=5A2H45MV013"",""MBA7680802.1"")"
Endonuclease V [subsurface metagenome],subsurface metagenome,167,167,71%,2e-50,50.00,189,"=HYPERLINK(""https://www.ncbi.nlm.nih.gov/protein/MBA7610290.1?report=genbank&log$=prottop&blast_rank=69&RID=5A2H45MV013"",""MBA7610290.1"")"
Endonuclease V [subsurface metagenome],subsurface metagenome,169,169,97%,2e-50,40.72,226,"=HYPERLINK(""https://www.ncbi.nlm.nih.gov/protein/MBA7714958.1?report=genbank&log$=prottop&blast_rank=70&RID=5A2H45MV013"",""MBA7714958.1"")"
Endonuclease V [subsurface metagenome],subsurface metagenome,169,169,93%,3e-50,42.06,231,"=HYPERLINK(""https://www.ncbi.nlm.nih.gov/protein/MBA7597851.1?report=genbank&log$=prottop&blast_rank=71&RID=5A2H45MV013"",""MBA7597851.1"")"
"unnamed protein product, partial [marine sediment metagenome]",marine sediment metagenome,166,166,84%,9e-50,41.49,195,"=HYPERLINK(""https://www.ncbi.nlm.nih.gov/protein/GAI44946.1?report=genbank&log$=prottop&blast_rank=72&RID=5A2H45MV013"",""GAI44946.1"")"
Endonuclease V [compost metagenome],compost metagenome,167,167,95%,1e-49,39.73,227,"=HYPERLINK(""https://www.ncbi.nlm.nih.gov/protein/MNW27244.1?report=genbank&log$=prottop&blast_rank=73&RID=5A2H45MV013"",""MNW27244.1"")"
"unnamed protein product, partial [marine sediment metagenome]",marine sediment metagenome,167,167,91%,1e-49,41.06,233,"=HYPERLINK(""https://www.ncbi.nlm.nih.gov/protein/GAI97610.1?report=genbank&log$=prottop&blast_rank=74&RID=5A2H45MV013"",""GAI97610.1"")"
Endonuclease V [hydrothermal vent metagenome],hydrothermal vent metagenome,167,167,96%,2e-49,40.83,225,"=HYPERLINK(""https://www.ncbi.nlm.nih.gov/protein/VAX33958.1?report=genbank&log$=prottop&blast_rank=75&RID=5A2H45MV013"",""VAX33958.1"")"
Endonuclease V [compost metagenome],compost metagenome,167,167,95%,2e-49,39.53,235,"=HYPERLINK(""https://www.ncbi.nlm.nih.gov/protein/MCY1491902.1?report=genbank&log$=prottop&blast_rank=76&RID=5A2H45MV013"",""MCY1491902.1"")"
Endonuclease V [hydrothermal vent metagenome],hydrothermal vent metagenome,166,166,96%,2e-49,39.45,225,"=HYPERLINK(""https://www.ncbi.nlm.nih.gov/protein/VAX30640.1?report=genbank&log$=prottop&blast_rank=77&RID=5A2H45MV013"",""VAX30640.1"")"
Endonuclease V [subsurface metagenome],subsurface metagenome,166,166,98%,4e-49,39.01,224,"=HYPERLINK(""https://www.ncbi.nlm.nih.gov/protein/MBA7509134.1?report=genbank&log$=prottop&blast_rank=78&RID=5A2H45MV013"",""MBA7509134.1"")"
Endonuclease V [compost metagenome],compost metagenome,166,166,97%,5e-49,40.45,237,"=HYPERLINK(""https://www.ncbi.nlm.nih.gov/protein/MMZ56831.1?report=genbank&log$=prottop&blast_rank=79&RID=5A2H45MV013"",""MMZ56831.1"")"
"unnamed protein product, partial [marine sediment metagenome]",marine sediment metagenome,165,165,82%,5e-49,43.55,223,"=HYPERLINK(""https://www.ncbi.nlm.nih.gov/protein/GAI58467.1?report=genbank&log$=prottop&blast_rank=80&RID=5A2H45MV013"",""GAI58467.1"")"
"unnamed protein product, partial [marine sediment metagenome]",marine sediment metagenome,163,163,95%,2e-48,41.20,212,"=HYPERLINK(""https://www.ncbi.nlm.nih.gov/protein/GAF92994.1?report=genbank&log$=prottop&blast_rank=81&RID=5A2H45MV013"",""GAF92994.1"")"
"unnamed protein product, partial [marine sediment metagenome]",marine sediment metagenome,162,162,61%,3e-48,54.35,171,"=HYPERLINK(""https://www.ncbi.nlm.nih.gov/protein/GAG91624.1?report=genbank&log$=prottop&blast_rank=82&RID=5A2H45MV013"",""GAG91624.1"")"
Endonuclease V [subsurface metagenome],subsurface metagenome,162,162,82%,6e-48,46.77,200,"=HYPERLINK(""https://www.ncbi.nlm.nih.gov/protein/MBA7623485.1?report=genbank&log$=prottop&blast_rank=83&RID=5A2H45MV013"",""MBA7623485.1"")"
Endonuclease V [hydrothermal vent metagenome],hydrothermal vent metagenome,162,162,97%,8e-48,37.90,223,"=HYPERLINK(""https://www.ncbi.nlm.nih.gov/protein/VAW59629.1?report=genbank&log$=prottop&blast_rank=84&RID=5A2H45MV013"",""VAW59629.1"")"
Endonuclease V [compost metagenome],compost metagenome,162,162,89%,1e-47,43.28,235,"=HYPERLINK(""https://www.ncbi.nlm.nih.gov/protein/MNJ95060.1?report=genbank&log$=prottop&blast_rank=85&RID=5A2H45MV013"",""MNJ95060.1"")"
unnamed protein product [marine sediment metagenome],marine sediment metagenome,160,160,72%,2e-47,48.15,189,"=HYPERLINK(""https://www.ncbi.nlm.nih.gov/protein/GAJ13751.1?report=genbank&log$=prottop&blast_rank=86&RID=5A2H45MV013"",""GAJ13751.1"")"
Endonuclease V [hydrothermal vent metagenome],hydrothermal vent metagenome,160,160,89%,4e-47,41.79,220,"=HYPERLINK(""https://www.ncbi.nlm.nih.gov/protein/VAX22466.1?report=genbank&log$=prottop&blast_rank=87&RID=5A2H45MV013"",""VAX22466.1"")"
"hypothetical protein GOS_5866884, partial [marine metagenome]",marine metagenome,160,160,97%,7e-47,35.91,243,"=HYPERLINK(""https://www.ncbi.nlm.nih.gov/protein/EBZ31011.1?report=genbank&log$=prottop&blast_rank=88&RID=5A2H45MV013"",""EBZ31011.1"")"
Endonuclease V [compost metagenome],compost metagenome,159,159,92%,1e-46,40.19,236,"=HYPERLINK(""https://www.ncbi.nlm.nih.gov/protein/MNS27259.1?report=genbank&log$=prottop&blast_rank=89&RID=5A2H45MV013"",""MNS27259.1"")"
"hypothetical protein GOS_5903458, partial [marine metagenome]",marine metagenome,159,159,97%,2e-46,36.82,231,"=HYPERLINK(""https://www.ncbi.nlm.nih.gov/protein/ECD70217.1?report=genbank&log$=prottop&blast_rank=90&RID=5A2H45MV013"",""ECD70217.1"")"
"hypothetical protein GOS_5860130, partial [marine metagenome]",marine metagenome,159,159,99%,3e-46,36.61,245,"=HYPERLINK(""https://www.ncbi.nlm.nih.gov/protein/ECE64605.1?report=genbank&log$=prottop&blast_rank=91&RID=5A2H45MV013"",""ECE64605.1"")"
"unnamed protein product, partial [marine sediment metagenome]",marine sediment metagenome,155,155,66%,1e-45,46.98,157,"=HYPERLINK(""https://www.ncbi.nlm.nih.gov/protein/GAI70943.1?report=genbank&log$=prottop&blast_rank=92&RID=5A2H45MV013"",""GAI70943.1"")"
"hypothetical protein GOS_3000629, partial [marine metagenome]",marine metagenome,157,157,97%,1e-45,35.91,250,"=HYPERLINK(""https://www.ncbi.nlm.nih.gov/protein/ECU89507.1?report=genbank&log$=prottop&blast_rank=93&RID=5A2H45MV013"",""ECU89507.1"")"
hypothetical protein LCGC14_0904470 [marine sediment metagenome],marine sediment metagenome,157,157,96%,1e-45,38.99,226,"=HYPERLINK(""https://www.ncbi.nlm.nih.gov/protein/KKN23490.1?report=genbank&log$=prottop&blast_rank=94&RID=5A2H45MV013"",""KKN23490.1"")"
hypothetical protein LCGC14_2087800 [marine sediment metagenome],marine sediment metagenome,156,156,99%,2e-45,38.17,241,"=HYPERLINK(""https://www.ncbi.nlm.nih.gov/protein/KKL72149.1?report=genbank&log$=prottop&blast_rank=95&RID=5A2H45MV013"",""KKL72149.1"")"
Endonuclease V [bioreactor metagenome],bioreactor metagenome,156,156,95%,3e-45,38.36,230,"=HYPERLINK(""https://www.ncbi.nlm.nih.gov/protein/MPM64933.1?report=genbank&log$=prottop&blast_rank=96&RID=5A2H45MV013"",""MPM64933.1"")"
hypothetical protein GOS_7516451 [marine metagenome],marine metagenome,156,156,97%,3e-45,35.91,250,"=HYPERLINK(""https://www.ncbi.nlm.nih.gov/protein/EBR94274.1?report=genbank&log$=prottop&blast_rank=97&RID=5A2H45MV013"",""EBR94274.1"")"
uncharacterized protein METZ01_LOCUS70583 [marine metagenome],marine metagenome,156,156,97%,4e-45,36.36,238,"=HYPERLINK(""https://www.ncbi.nlm.nih.gov/protein/SVA17729.1?report=genbank&log$=prottop&blast_rank=98&RID=5A2H45MV013"",""SVA17729.1"")"
Endonuclease V [compost metagenome],compost metagenome,155,155,91%,4e-45,40.19,228,"=HYPERLINK(""https://www.ncbi.nlm.nih.gov/protein/MND95080.1?report=genbank&log$=prottop&blast_rank=99&RID=5A2H45MV013"",""MND95080.1"")"
unnamed protein product [marine sediment metagenome],marine sediment metagenome,154,154,89%,7e-45,40.89,207,"=HYPERLINK(""https://www.ncbi.nlm.nih.gov/protein/GAH43112.1?report=genbank&log$=prottop&blast_rank=100&RID=5A2H45MV013"",""GAH43112.1"")"
Endonuclease V [compost metagenome],compost metagenome,155,155,96%,7e-45,38.99,232,"=HYPERLINK(""https://www.ncbi.nlm.nih.gov/protein/MNK23057.1?report=genbank&log$=prottop&blast_rank=101&RID=5A2H45MV013"",""MNK23057.1"")"
unnamed protein product [marine sediment metagenome],marine sediment metagenome,154,154,89%,7e-45,42.08,213,"=HYPERLINK(""https://www.ncbi.nlm.nih.gov/protein/GAF71137.1?report=genbank&log$=prottop&blast_rank=102&RID=5A2H45MV013"",""GAF71137.1"")"
Endonuclease V [invertebrate metagenome],invertebrate metagenome,155,155,97%,7e-45,38.01,236,"=HYPERLINK(""https://www.ncbi.nlm.nih.gov/protein/PJE80395.1?report=genbank&log$=prottop&blast_rank=103&RID=5A2H45MV013"",""PJE80395.1"")"
unnamed protein product [marine sediment metagenome],marine sediment metagenome,152,152,67%,7e-45,45.33,161,"=HYPERLINK(""https://www.ncbi.nlm.nih.gov/protein/GAI60889.1?report=genbank&log$=prottop&blast_rank=104&RID=5A2H45MV013"",""GAI60889.1"")"
Endonuclease V [compost metagenome],compost metagenome,154,154,82%,1e-44,42.25,227,"=HYPERLINK(""https://www.ncbi.nlm.nih.gov/protein/MNG97412.1?report=genbank&log$=prottop&blast_rank=105&RID=5A2H45MV013"",""MNG97412.1"")"
Endonuclease V [compost metagenome],compost metagenome,154,154,86%,2e-44,41.54,228,"=HYPERLINK(""https://www.ncbi.nlm.nih.gov/protein/MMZ48742.1?report=genbank&log$=prottop&blast_rank=106&RID=5A2H45MV013"",""MMZ48742.1"")"
uncharacterized protein METZ01_LOCUS149890 [marine metagenome],marine metagenome,154,154,97%,2e-44,36.36,238,"=HYPERLINK(""https://www.ncbi.nlm.nih.gov/protein/SVA97036.1?report=genbank&log$=prottop&blast_rank=107&RID=5A2H45MV013"",""SVA97036.1"")"
Endonuclease V [hydrothermal vent metagenome],hydrothermal vent metagenome,153,153,91%,3e-44,37.56,211,"=HYPERLINK(""https://www.ncbi.nlm.nih.gov/protein/VAX21635.1?report=genbank&log$=prottop&blast_rank=108&RID=5A2H45MV013"",""VAX21635.1"")"
unnamed protein product [marine sediment metagenome],marine sediment metagenome,150,150,63%,7e-44,45.77,152,"=HYPERLINK(""https://www.ncbi.nlm.nih.gov/protein/GAH20720.1?report=genbank&log$=prottop&blast_rank=109&RID=5A2H45MV013"",""GAH20720.1"")"
Endonuclease V [compost metagenome],compost metagenome,150,150,77%,1e-43,43.68,197,"=HYPERLINK(""https://www.ncbi.nlm.nih.gov/protein/MNY21964.1?report=genbank&log$=prottop&blast_rank=110&RID=5A2H45MV013"",""MNY21964.1"")"
Endonuclease V [compost metagenome],compost metagenome,149,149,79%,8e-43,41.90,223,"=HYPERLINK(""https://www.ncbi.nlm.nih.gov/protein/MND31917.1?report=genbank&log$=prottop&blast_rank=111&RID=5A2H45MV013"",""MND31917.1"")"
"unnamed protein product, partial [marine sediment metagenome]",marine sediment metagenome,147,147,65%,9e-43,49.66,147,"=HYPERLINK(""https://www.ncbi.nlm.nih.gov/protein/GAI51065.1?report=genbank&log$=prottop&blast_rank=112&RID=5A2H45MV013"",""GAI51065.1"")"
Endonuclease V [compost metagenome],compost metagenome,149,149,82%,1e-42,41.71,228,"=HYPERLINK(""https://www.ncbi.nlm.nih.gov/protein/MNM36296.1?report=genbank&log$=prottop&blast_rank=113&RID=5A2H45MV013"",""MNM36296.1"")"
Endonuclease V [compost metagenome],compost metagenome,149,149,79%,1e-42,42.46,223,"=HYPERLINK(""https://www.ncbi.nlm.nih.gov/protein/MNS82444.1?report=genbank&log$=prottop&blast_rank=114&RID=5A2H45MV013"",""MNS82444.1"")"
"hypothetical protein GOS_9416454, partial [marine metagenome]",marine metagenome,147,147,81%,8e-42,40.44,214,"=HYPERLINK(""https://www.ncbi.nlm.nih.gov/protein/EBG53809.1?report=genbank&log$=prottop&blast_rank=115&RID=5A2H45MV013"",""EBG53809.1"")"
Endonuclease V [compost metagenome],compost metagenome,147,147,89%,9e-42,39.80,223,"=HYPERLINK(""https://www.ncbi.nlm.nih.gov/protein/MNC16838.1?report=genbank&log$=prottop&blast_rank=116&RID=5A2H45MV013"",""MNC16838.1"")"
"unnamed protein product, partial [marine sediment metagenome]",marine sediment metagenome,144,144,78%,2e-41,40.45,177,"=HYPERLINK(""https://www.ncbi.nlm.nih.gov/protein/GAI45941.1?report=genbank&log$=prottop&blast_rank=117&RID=5A2H45MV013"",""GAI45941.1"")"
"unnamed protein product, partial [marine sediment metagenome]",marine sediment metagenome,144,144,72%,4e-41,40.57,175,"=HYPERLINK(""https://www.ncbi.nlm.nih.gov/protein/GAG79068.1?report=genbank&log$=prottop&blast_rank=118&RID=5A2H45MV013"",""GAG79068.1"")"
Endonuclease V [compost metagenome],compost metagenome,145,145,79%,5e-41,41.90,223,"=HYPERLINK(""https://www.ncbi.nlm.nih.gov/protein/MNB87194.1?report=genbank&log$=prottop&blast_rank=119&RID=5A2H45MV013"",""MNB87194.1"")"
Endonuclease V [compost metagenome],compost metagenome,144,144,79%,1e-40,41.34,223,"=HYPERLINK(""https://www.ncbi.nlm.nih.gov/protein/MNB87223.1?report=genbank&log$=prottop&blast_rank=120&RID=5A2H45MV013"",""MNB87223.1"")"
"unnamed protein product, partial [marine sediment metagenome]",marine sediment metagenome,140,140,60%,2e-40,49.26,137,"=HYPERLINK(""https://www.ncbi.nlm.nih.gov/protein/GAF76138.1?report=genbank&log$=prottop&blast_rank=121&RID=5A2H45MV013"",""GAF76138.1"")"
Endonuclease V [compost metagenome],compost metagenome,142,142,67%,2e-40,43.33,175,"=HYPERLINK(""https://www.ncbi.nlm.nih.gov/protein/MCY1240527.1?report=genbank&log$=prottop&blast_rank=122&RID=5A2H45MV013"",""MCY1240527.1"")"
hypothetical protein GOS_2949941 [marine metagenome],marine metagenome,142,142,79%,4e-40,40.78,227,"=HYPERLINK(""https://www.ncbi.nlm.nih.gov/protein/ECV17376.1?report=genbank&log$=prottop&blast_rank=123&RID=5A2H45MV013"",""ECV17376.1"")"
Endonuclease V [subsurface metagenome],subsurface metagenome,141,141,93%,2e-39,38.57,237,"=HYPERLINK(""https://www.ncbi.nlm.nih.gov/protein/MBA7602394.1?report=genbank&log$=prottop&blast_rank=124&RID=5A2H45MV013"",""MBA7602394.1"")"
"unnamed protein product, partial [marine sediment metagenome]",marine sediment metagenome,140,140,68%,2e-39,44.77,198,"=HYPERLINK(""https://www.ncbi.nlm.nih.gov/protein/GAG44408.1?report=genbank&log$=prottop&blast_rank=125&RID=5A2H45MV013"",""GAG44408.1"")"
"unnamed protein product, partial [marine sediment metagenome]",marine sediment metagenome,139,139,76%,2e-39,43.02,177,"=HYPERLINK(""https://www.ncbi.nlm.nih.gov/protein/GAI49090.1?report=genbank&log$=prottop&blast_rank=126&RID=5A2H45MV013"",""GAI49090.1"")"
deoxyribonuclease v [groundwater metagenome],groundwater metagenome,141,141,96%,3e-39,35.35,241,"=HYPERLINK(""https://www.ncbi.nlm.nih.gov/protein/GFO96451.1?report=genbank&log$=prottop&blast_rank=127&RID=5A2H45MV013"",""GFO96451.1"")"
Endonuclease V [compost metagenome],compost metagenome,137,137,65%,5e-39,47.95,156,"=HYPERLINK(""https://www.ncbi.nlm.nih.gov/protein/MNX97927.1?report=genbank&log$=prottop&blast_rank=128&RID=5A2H45MV013"",""MNX97927.1"")"
Endonuclease V [subsurface metagenome],subsurface metagenome,139,139,96%,7e-39,36.87,222,"=HYPERLINK(""https://www.ncbi.nlm.nih.gov/protein/MBA7617930.1?report=genbank&log$=prottop&blast_rank=129&RID=5A2H45MV013"",""MBA7617930.1"")"
"hypothetical protein GOS_5806391, partial [marine metagenome]",marine metagenome,139,139,90%,8e-39,35.96,221,"=HYPERLINK(""https://www.ncbi.nlm.nih.gov/protein/ECT47978.1?report=genbank&log$=prottop&blast_rank=130&RID=5A2H45MV013"",""ECT47978.1"")"
Endonuclease V [compost metagenome],compost metagenome,139,139,95%,1e-38,38.32,230,"=HYPERLINK(""https://www.ncbi.nlm.nih.gov/protein/MNX98642.1?report=genbank&log$=prottop&blast_rank=131&RID=5A2H45MV013"",""MNX98642.1"")"
Endonuclease V [subsurface metagenome],subsurface metagenome,138,138,96%,2e-38,36.87,222,"=HYPERLINK(""https://www.ncbi.nlm.nih.gov/protein/MBA7501844.1?report=genbank&log$=prottop&blast_rank=132&RID=5A2H45MV013"",""MBA7501844.1"")"
"unnamed protein product, partial [marine sediment metagenome]",marine sediment metagenome,133,133,60%,2e-37,48.51,136,"=HYPERLINK(""https://www.ncbi.nlm.nih.gov/protein/GAH62312.1?report=genbank&log$=prottop&blast_rank=133&RID=5A2H45MV013"",""GAH62312.1"")"
"hypothetical protein GOS_7461641, partial [marine metagenome]",marine metagenome,135,135,86%,2e-37,36.08,209,"=HYPERLINK(""https://www.ncbi.nlm.nih.gov/protein/EBS28501.1?report=genbank&log$=prottop&blast_rank=134&RID=5A2H45MV013"",""EBS28501.1"")"
hypothetical protein LCGC14_2306810 [marine sediment metagenome],marine sediment metagenome,134,134,82%,5e-37,39.36,194,"=HYPERLINK(""https://www.ncbi.nlm.nih.gov/protein/KKL50305.1?report=genbank&log$=prottop&blast_rank=135&RID=5A2H45MV013"",""KKL50305.1"")"
Endonuclease V [compost metagenome],compost metagenome,132,132,65%,9e-37,44.90,164,"=HYPERLINK(""https://www.ncbi.nlm.nih.gov/protein/MNS83019.1?report=genbank&log$=prottop&blast_rank=136&RID=5A2H45MV013"",""MNS83019.1"")"
Endonuclease V [compost metagenome],compost metagenome,134,134,93%,1e-36,39.35,216,"=HYPERLINK(""https://www.ncbi.nlm.nih.gov/protein/MNM65599.1?report=genbank&log$=prottop&blast_rank=137&RID=5A2H45MV013"",""MNM65599.1"")"
"hypothetical protein GOS_5194613, partial [marine metagenome]",marine metagenome,127,127,71%,7e-35,38.51,170,"=HYPERLINK(""https://www.ncbi.nlm.nih.gov/protein/ECK09609.1?report=genbank&log$=prottop&blast_rank=138&RID=5A2H45MV013"",""ECK09609.1"")"
"unnamed protein product, partial [marine sediment metagenome]",marine sediment metagenome,129,129,89%,2e-34,37.98,254,"=HYPERLINK(""https://www.ncbi.nlm.nih.gov/protein/GAG11384.1?report=genbank&log$=prottop&blast_rank=139&RID=5A2H45MV013"",""GAG11384.1"")"
"unnamed protein product, partial [marine sediment metagenome]",marine sediment metagenome,125,125,48%,2e-34,51.85,133,"=HYPERLINK(""https://www.ncbi.nlm.nih.gov/protein/GAH63210.1?report=genbank&log$=prottop&blast_rank=140&RID=5A2H45MV013"",""GAH63210.1"")"
hypothetical protein GOS_9476038 [marine metagenome],marine metagenome,129,129,93%,2e-34,35.41,256,"=HYPERLINK(""https://www.ncbi.nlm.nih.gov/protein/EBG18320.1?report=genbank&log$=prottop&blast_rank=141&RID=5A2H45MV013"",""EBG18320.1"")"
hypothetical protein GOS_968515 [marine metagenome],marine metagenome,125,125,67%,3e-34,38.16,166,"=HYPERLINK(""https://www.ncbi.nlm.nih.gov/protein/EDF36274.1?report=genbank&log$=prottop&blast_rank=142&RID=5A2H45MV013"",""EDF36274.1"")"
"hypothetical protein GOS_3642359, partial [marine metagenome]",marine metagenome,124,124,63%,9e-34,39.44,163,"=HYPERLINK(""https://www.ncbi.nlm.nih.gov/protein/ECU02471.1?report=genbank&log$=prottop&blast_rank=143&RID=5A2H45MV013"",""ECU02471.1"")"
"hypothetical protein GOS_7187231, partial [marine metagenome]",marine metagenome,123,123,70%,3e-33,40.00,176,"=HYPERLINK(""https://www.ncbi.nlm.nih.gov/protein/EBT96658.1?report=genbank&log$=prottop&blast_rank=144&RID=5A2H45MV013"",""EBT96658.1"")"
Endonuclease V [compost metagenome],compost metagenome,124,124,94%,8e-33,36.57,226,"=HYPERLINK(""https://www.ncbi.nlm.nih.gov/protein/MNM11020.1?report=genbank&log$=prottop&blast_rank=145&RID=5A2H45MV013"",""MNM11020.1"")"
Endonuclease V [compost metagenome],compost metagenome,122,122,94%,4e-32,36.11,224,"=HYPERLINK(""https://www.ncbi.nlm.nih.gov/protein/MNB76126.1?report=genbank&log$=prottop&blast_rank=146&RID=5A2H45MV013"",""MNB76126.1"")"
"hypothetical protein GOS_7293182, partial [marine metagenome]",marine metagenome,121,121,91%,5e-32,36.36,216,"=HYPERLINK(""https://www.ncbi.nlm.nih.gov/protein/EBT32089.1?report=genbank&log$=prottop&blast_rank=147&RID=5A2H45MV013"",""EBT32089.1"")"
"unnamed protein product, partial [marine sediment metagenome]",marine sediment metagenome,119,119,65%,6e-32,44.90,156,"=HYPERLINK(""https://www.ncbi.nlm.nih.gov/protein/GAI42530.1?report=genbank&log$=prottop&blast_rank=148&RID=5A2H45MV013"",""GAI42530.1"")"
Endonuclease V [compost metagenome],compost metagenome,118,118,52%,1e-31,50.00,128,"=HYPERLINK(""https://www.ncbi.nlm.nih.gov/protein/MNL45269.1?report=genbank&log$=prottop&blast_rank=149&RID=5A2H45MV013"",""MNL45269.1"")"
"unnamed protein product, partial [marine sediment metagenome]",marine sediment metagenome,116,116,44%,4e-31,52.04,127,"=HYPERLINK(""https://www.ncbi.nlm.nih.gov/protein/GAI23745.1?report=genbank&log$=prottop&blast_rank=150&RID=5A2H45MV013"",""GAI23745.1"")"
endonuclease v [hydrocarbon metagenome],hydrocarbon metagenome,117,117,76%,9e-31,37.79,172,"=HYPERLINK(""https://www.ncbi.nlm.nih.gov/protein/KUG15750.1?report=genbank&log$=prottop&blast_rank=151&RID=5A2H45MV013"",""KUG15750.1"")"
"hypothetical protein GOS_1993673, partial [marine metagenome]",marine metagenome,118,118,84%,1e-30,36.41,217,"=HYPERLINK(""https://www.ncbi.nlm.nih.gov/protein/EDA48024.1?report=genbank&log$=prottop&blast_rank=152&RID=5A2H45MV013"",""EDA48024.1"")"
"hypothetical protein GOS_3872675, partial [marine metagenome]",marine metagenome,116,116,65%,2e-30,39.73,162,"=HYPERLINK(""https://www.ncbi.nlm.nih.gov/protein/ECO83883.1?report=genbank&log$=prottop&blast_rank=153&RID=5A2H45MV013"",""ECO83883.1"")"
Endonuclease V [compost metagenome],compost metagenome,113,113,63%,1e-29,44.37,157,"=HYPERLINK(""https://www.ncbi.nlm.nih.gov/protein/MNT03616.1?report=genbank&log$=prottop&blast_rank=154&RID=5A2H45MV013"",""MNT03616.1"")"
"unnamed protein product, partial [marine sediment metagenome]",marine sediment metagenome,110,110,56%,2e-28,41.86,136,"=HYPERLINK(""https://www.ncbi.nlm.nih.gov/protein/GAH07078.1?report=genbank&log$=prottop&blast_rank=155&RID=5A2H45MV013"",""GAH07078.1"")"
"Endonuclease V, partial [human gut metagenome]",human gut metagenome,108,108,50%,2e-28,47.32,113,"=HYPERLINK(""https://www.ncbi.nlm.nih.gov/protein/ETJ37145.1?report=genbank&log$=prottop&blast_rank=156&RID=5A2H45MV013"",""ETJ37145.1"")"
"unnamed protein product, partial [marine sediment metagenome]",marine sediment metagenome,109,109,59%,3e-28,40.91,132,"=HYPERLINK(""https://www.ncbi.nlm.nih.gov/protein/GAG35390.1?report=genbank&log$=prottop&blast_rank=157&RID=5A2H45MV013"",""GAG35390.1"")"
Endonuclease V [subsurface metagenome],subsurface metagenome,108,108,82%,6e-27,33.69,224,"=HYPERLINK(""https://www.ncbi.nlm.nih.gov/protein/MBA7608824.1?report=genbank&log$=prottop&blast_rank=158&RID=5A2H45MV013"",""MBA7608824.1"")"
hypothetical protein GOS_8610923 [marine metagenome],marine metagenome,107,107,82%,1e-25,33.17,296,"=HYPERLINK(""https://www.ncbi.nlm.nih.gov/protein/EBL17995.1?report=genbank&log$=prottop&blast_rank=159&RID=5A2H45MV013"",""EBL17995.1"")"
hypothetical protein GOS_7995705 [marine metagenome],marine metagenome,105,105,83%,2e-25,34.22,252,"=HYPERLINK(""https://www.ncbi.nlm.nih.gov/protein/EBO93293.1?report=genbank&log$=prottop&blast_rank=160&RID=5A2H45MV013"",""EBO93293.1"")"
Endonuclease V [subsurface metagenome],subsurface metagenome,102,102,100%,3e-24,31.30,244,"=HYPERLINK(""https://www.ncbi.nlm.nih.gov/protein/MBA7573906.1?report=genbank&log$=prottop&blast_rank=161&RID=5A2H45MV013"",""MBA7573906.1"")"
Endonuclease V [subsurface metagenome],subsurface metagenome,101,101,84%,6e-24,33.00,244,"=HYPERLINK(""https://www.ncbi.nlm.nih.gov/protein/MBA7513179.1?report=genbank&log$=prottop&blast_rank=162&RID=5A2H45MV013"",""MBA7513179.1"")"
"hypothetical protein LCGC14_3038250, partial [marine sediment metagenome]",marine sediment metagenome,97.8,97.8,82%,4e-23,32.61,190,"=HYPERLINK(""https://www.ncbi.nlm.nih.gov/protein/KKK59051.1?report=genbank&log$=prottop&blast_rank=163&RID=5A2H45MV013"",""KKK59051.1"")"
Endonuclease V [anaerobic digester metagenome],anaerobic digester metagenome,95.9,95.9,94%,4e-22,29.63,218,"=HYPERLINK(""https://www.ncbi.nlm.nih.gov/protein/KAF5068794.1?report=genbank&log$=prottop&blast_rank=164&RID=5A2H45MV013"",""KAF5068794.1"")"
hypothetical protein LCGC14_0463330 [marine sediment metagenome],marine sediment metagenome,92.8,92.8,78%,1e-20,33.16,245,"=HYPERLINK(""https://www.ncbi.nlm.nih.gov/protein/KKN67243.1?report=genbank&log$=prottop&blast_rank=165&RID=5A2H45MV013"",""KKN67243.1"")"
"hypothetical protein GOS_9456498, partial [marine metagenome]",marine metagenome,90.1,90.1,66%,3e-20,36.49,170,"=HYPERLINK(""https://www.ncbi.nlm.nih.gov/protein/EBG29958.1?report=genbank&log$=prottop&blast_rank=166&RID=5A2H45MV013"",""EBG29958.1"")"
Endonuclease V [subsurface metagenome],subsurface metagenome,87.4,87.4,43%,7e-20,47.42,113,"=HYPERLINK(""https://www.ncbi.nlm.nih.gov/protein/MBA7658697.1?report=genbank&log$=prottop&blast_rank=167&RID=5A2H45MV013"",""MBA7658697.1"")"
hypothetical protein LCGC14_0735770 [marine sediment metagenome],marine sediment metagenome,90.1,90.1,93%,1e-19,30.74,245,"=HYPERLINK(""https://www.ncbi.nlm.nih.gov/protein/KKN40207.1?report=genbank&log$=prottop&blast_rank=168&RID=5A2H45MV013"",""KKN40207.1"")"
MAG: hypothetical protein [viral metagenome],viral metagenome,89.7,89.7,65%,2e-19,35.67,273,"=HYPERLINK(""https://www.ncbi.nlm.nih.gov/protein/QHT24425.1?report=genbank&log$=prottop&blast_rank=169&RID=5A2H45MV013"",""QHT24425.1"")"
Endonuclease V (fragment) [groundwater metagenome],groundwater metagenome,86.3,86.3,65%,4e-19,34.21,151,"=HYPERLINK(""https://www.ncbi.nlm.nih.gov/protein/CEG12701.1?report=genbank&log$=prottop&blast_rank=170&RID=5A2H45MV013"",""CEG12701.1"")"
"unnamed protein product, partial [marine sediment metagenome]",marine sediment metagenome,80.9,80.9,43%,2e-17,43.00,99,"=HYPERLINK(""https://www.ncbi.nlm.nih.gov/protein/GAI95248.1?report=genbank&log$=prottop&blast_rank=171&RID=5A2H45MV013"",""GAI95248.1"")"
"hypothetical protein GOS_7095551, partial [marine metagenome]",marine metagenome,80.9,80.9,41%,8e-17,43.48,169,"=HYPERLINK(""https://www.ncbi.nlm.nih.gov/protein/ECT08028.1?report=genbank&log$=prottop&blast_rank=172&RID=5A2H45MV013"",""ECT08028.1"")"
"hypothetical protein GOS_2264828, partial [marine metagenome]",marine metagenome,77.8,77.8,42%,2e-16,40.62,105,"=HYPERLINK(""https://www.ncbi.nlm.nih.gov/protein/ECY96763.1?report=genbank&log$=prottop&blast_rank=173&RID=5A2H45MV013"",""ECY96763.1"")"
unnamed protein product [marine sediment metagenome],marine sediment metagenome,69.3,69.3,36%,3e-13,42.86,86,"=HYPERLINK(""https://www.ncbi.nlm.nih.gov/protein/GAI11649.1?report=genbank&log$=prottop&blast_rank=174&RID=5A2H45MV013"",""GAI11649.1"")"
"unnamed protein product, partial [marine sediment metagenome]",marine sediment metagenome,68.6,68.6,30%,5e-13,50.72,83,"=HYPERLINK(""https://www.ncbi.nlm.nih.gov/protein/GAH19557.1?report=genbank&log$=prottop&blast_rank=175&RID=5A2H45MV013"",""GAH19557.1"")"
Endonuclease V [hydrothermal vent metagenome],hydrothermal vent metagenome,65.5,65.5,24%,5e-12,49.09,64,"=HYPERLINK(""https://www.ncbi.nlm.nih.gov/protein/VAW93767.1?report=genbank&log$=prottop&blast_rank=176&RID=5A2H45MV013"",""VAW93767.1"")"
"unnamed protein product, partial [marine sediment metagenome]",marine sediment metagenome,62.8,62.8,19%,3e-11,61.90,48,"=HYPERLINK(""https://www.ncbi.nlm.nih.gov/protein/GAI15708.1?report=genbank&log$=prottop&blast_rank=177&RID=5A2H45MV013"",""GAI15708.1"")"
Bifunctional methyltransferase/endonuclease (Includes: putative methylated-DNA--protein-cysteine methyltransferase; Endonuclease V) (fragment) [groundwater metagenome],groundwater metagenome,58.9,58.9,34%,3e-09,39.02,106,"=HYPERLINK(""https://www.ncbi.nlm.nih.gov/protein/CEG11079.1?report=genbank&log$=prottop&blast_rank=178&RID=5A2H45MV013"",""CEG11079.1"")"
"hypothetical protein GOS_5871443, partial [marine metagenome]",marine metagenome,56.6,56.6,31%,1e-08,38.03,80,"=HYPERLINK(""https://www.ncbi.nlm.nih.gov/protein/EBY02965.1?report=genbank&log$=prottop&blast_rank=179&RID=5A2H45MV013"",""EBY02965.1"")"
"hypothetical protein GOS_4929126, partial [marine metagenome]",marine metagenome,56.6,56.6,39%,1e-08,42.70,89,"=HYPERLINK(""https://www.ncbi.nlm.nih.gov/protein/EBZ53936.1?report=genbank&log$=prottop&blast_rank=180&RID=5A2H45MV013"",""EBZ53936.1"")"
"hypothetical protein GOS_3778109, partial [marine metagenome]",marine metagenome,53.5,53.5,28%,1e-07,35.38,75,"=HYPERLINK(""https://www.ncbi.nlm.nih.gov/protein/ECO86200.1?report=genbank&log$=prottop&blast_rank=181&RID=5A2H45MV013"",""ECO86200.1"")"
Endonuclease V [subsurface metagenome],subsurface metagenome,53.1,53.1,29%,2e-07,36.36,74,"=HYPERLINK(""https://www.ncbi.nlm.nih.gov/protein/MBA7543858.1?report=genbank&log$=prottop&blast_rank=182&RID=5A2H45MV013"",""MBA7543858.1"")"
"unnamed protein product, partial [marine sediment metagenome]",marine sediment metagenome,51.6,51.6,21%,1e-06,51.06,86,"=HYPERLINK(""https://www.ncbi.nlm.nih.gov/protein/GAH45989.1?report=genbank&log$=prottop&blast_rank=183&RID=5A2H45MV013"",""GAH45989.1"")"
"unnamed protein product, partial [marine sediment metagenome]",marine sediment metagenome,51.6,51.6,36%,2e-06,35.80,105,"=HYPERLINK(""https://www.ncbi.nlm.nih.gov/protein/GAH38031.1?report=genbank&log$=prottop&blast_rank=184&RID=5A2H45MV013"",""GAH38031.1"")"
"unnamed protein product, partial [marine sediment metagenome]",marine sediment metagenome,50.1,50.1,27%,2e-06,38.33,71,"=HYPERLINK(""https://www.ncbi.nlm.nih.gov/protein/GAG76822.1?report=genbank&log$=prottop&blast_rank=185&RID=5A2H45MV013"",""GAG76822.1"")"
"unnamed protein product, partial [marine sediment metagenome]",marine sediment metagenome,50.8,50.8,32%,3e-06,36.62,95,"=HYPERLINK(""https://www.ncbi.nlm.nih.gov/protein/GAG28928.1?report=genbank&log$=prottop&blast_rank=186&RID=5A2H45MV013"",""GAG28928.1"")"
"hypothetical protein GOS_7506312, partial [marine metagenome]",marine metagenome,48.9,48.9,28%,7e-06,30.77,77,"=HYPERLINK(""https://www.ncbi.nlm.nih.gov/protein/EBS00551.1?report=genbank&log$=prottop&blast_rank=187&RID=5A2H45MV013"",""EBS00551.1"")"
"unnamed protein product, partial [marine sediment metagenome]",marine sediment metagenome,48.1,48.1,28%,1e-05,40.62,69,"=HYPERLINK(""https://www.ncbi.nlm.nih.gov/protein/GAJ05085.1?report=genbank&log$=prottop&blast_rank=188&RID=5A2H45MV013"",""GAJ05085.1"")"
"hypothetical protein GOS_5836813, partial [marine metagenome]",marine metagenome,48.1,48.1,27%,4e-05,39.34,132,"=HYPERLINK(""https://www.ncbi.nlm.nih.gov/protein/ECO34457.1?report=genbank&log$=prottop&blast_rank=189&RID=5A2H45MV013"",""ECO34457.1"")"
unnamed protein product [marine sediment metagenome],marine sediment metagenome,45.4,45.4,40%,2e-04,36.67,100,"=HYPERLINK(""https://www.ncbi.nlm.nih.gov/protein/GAI80805.1?report=genbank&log$=prottop&blast_rank=190&RID=5A2H45MV013"",""GAI80805.1"")"
"unnamed protein product, partial [marine sediment metagenome]",marine sediment metagenome,42.4,42.4,20%,0.001,43.48,57,"=HYPERLINK(""https://www.ncbi.nlm.nih.gov/protein/GAI31744.1?report=genbank&log$=prottop&blast_rank=191&RID=5A2H45MV013"",""GAI31744.1"")"
"unnamed protein product, partial [marine sediment metagenome]",marine sediment metagenome,42.4,42.4,26%,0.002,37.93,70,"=HYPERLINK(""https://www.ncbi.nlm.nih.gov/protein/GAI75900.1?report=genbank&log$=prottop&blast_rank=192&RID=5A2H45MV013"",""GAI75900.1"")"
"hypothetical protein GOS_2241603, partial [marine metagenome]",marine metagenome,41.2,41.2,25%,0.003,29.82,64,"=HYPERLINK(""https://www.ncbi.nlm.nih.gov/protein/ECZ10162.1?report=genbank&log$=prottop&blast_rank=193&RID=5A2H45MV013"",""ECZ10162.1"")"
"unnamed protein product, partial [marine sediment metagenome]",marine sediment metagenome,41.6,41.6,35%,0.004,39.74,84,"=HYPERLINK(""https://www.ncbi.nlm.nih.gov/protein/GAJ19558.1?report=genbank&log$=prottop&blast_rank=194&RID=5A2H45MV013"",""GAJ19558.1"")"
"unnamed protein product, partial [marine sediment metagenome]",marine sediment metagenome,40.8,40.8,24%,0.004,38.89,58,"=HYPERLINK(""https://www.ncbi.nlm.nih.gov/protein/GAH76069.1?report=genbank&log$=prottop&blast_rank=195&RID=5A2H45MV013"",""GAH76069.1"")"
"unnamed protein product, partial [marine sediment metagenome]",marine sediment metagenome,38.5,38.5,19%,0.019,39.53,43,"=HYPERLINK(""https://www.ncbi.nlm.nih.gov/protein/GAH76208.1?report=genbank&log$=prottop&blast_rank=196&RID=5A2H45MV013"",""GAH76208.1"")"



		


